ROUTE,BOUND,STATION ID,STATION LATITUDE,STATION LONGITUDE,STATION NAME (CHI),STATION NAME (ENG)
506,O,506-U010,22.372986,113.966502,"屯門碼頭","Tuen Mun Ferry Pier"
506,O,506-U020,22.375834,113.960628,"美樂花園","Melody Garden"
506,O,506-U030,22.378364,113.961965,"輕鐵蝴蝶站","LR Butterfly Stop"
506,O,506-U040,22.382203,113.96359,"輕鐵車廠站","Light Rail Depot Stop"
506,O,506-U050,22.385399,113.965222,"輕鐵龍門站","LR Lung Mun Stop"
506,O,506-U060,22.393627,113.96752,"輕鐵青雲站","LR Tsing Wun Stop"
506,O,506-U070,22.395064,113.969953,"輕鐵建安站","LR Kin On Stop"
506,O,506-U080,22.394117,113.973992,"港鐵屯門站","MTR Tuen Mun Station"
506,O,506-U090,22.391352,113.975474,"屯門市中心","Tuen Mun Town Centre"
506,O,506-U100,22.387312,113.975341,"安定邨","On Ting Estate"
506,O,506-U110,22.382916,113.976276,"輕鐵三聖站","LR Sam Shing Stop"
506,O,506-D010,22.38551,113.9767,"兆麟","Siu Lun"
506,O,506-D020,22.387783,113.975189,"友愛邨","Yau Oi Estate"
506,O,506-D030,22.392125,113.975128,"輕鐵市中心站","LR Town Centre Stop"
506,O,506-D040,22.393937,113.973896,"輕鐵屯門站","(港鐵屯門站) LR Tuen Mun Stop (MTR Tuen Mun Station)"
506,O,506-D050,22.394687,113.970746,"輕鐵建安站","LR Kin On Stop"
506,O,506-D060,22.393382,113.967707,"輕鐵青雲站","LR Tsing Wun Stop"
506,O,506-D070,22.391722,113.967726,"聖彼得堂","SKH St. Peter's Church"
506,O,506-D080,22.383618,113.964478,"富健花園","Glorious Garden"
506,O,506-D090,22.382269,113.963833,"新屯門中心","Sun Tuen Mun Centre"
506,O,506-D100,22.377547,113.961481,"輕鐵蝴蝶站","LR Butterfly Stop"
506,O,506-D110,22.374219,113.962106,"蝴蝶邨蝶心樓","Tip Sum House, Butterfly Estate"
506,O,506-D120,22.373549,113.964341,"湖景邨湖碧樓","Wu Pik House, Wu King Estate"
506,O,506-D130,22.373192,113.966053,"海翠花園","Pierhead Garden"
506,O,506-U011,22.372986,113.966502,"屯門碼頭","Tuen Mun Ferry Pier"
K12,O,K12-U010,22.444414,114.169471,"大埔墟站","Tai Po Market Station"
K12,O,K12-U020,22.450971,114.169957,"大埔超級城","Tai Po Mega Mall"
K12,O,K12-U030,22.452836,114.166496,"八號花園","Eightland Garden"
K12,I,K12-D010,22.452836,114.166496,"八號花園","Eightland Garden"
K12,I,K12-D020,22.451278,114.170087,"大埔超級城","Tai Po Mega Mall"
K12,I,K12-D030,22.443712,114.16991,"新達廣場","Uptown Plaza"
K12,I,K12-D040,22.444414,114.169471,"大埔墟站","Tai Po Market Station"
K14,O,K14-D010,22.451278,114.170087,"大埔超級城","Tai Po Mega Mall"
K14,O,K14-D020,22.443712,114.16991,"新達廣場","Uptown Plaza"
K14,O,K14-D030,22.444414,114.169471,"大埔墟站","Tai Po Market Station"
K17,O,K17-U010,22.444414,114.169471,"大埔墟站","Tai Po Market Station"
K17,O,K17-U020,22.453021,114.172331,"大埔中心第五期","Tai Po Centre Phase 5"
K17,O,K17-U030,22.454538,114.174428,"怡雅苑","Yee Nga Court"
K17,O,K17-U040,22.454322,114.174098,"富善","Fu Shin"
K17,I,K17-D010,22.454322,114.174098,"富善","Fu Shin"
K17,I,K17-D020,22.443712,114.16991,"新達廣場","Uptown Plaza"
K17,I,K17-D030,22.444414,114.169471,"大埔墟站","Tai Po Market Station"
K18,O,K18-U010,22.444414,114.169471,"大埔墟站","Tai Po Market Station"
K18,O,K18-U020,22.447531,114.17473,"宏福苑","Wang Fuk Court"
K18,O,K18-U030,22.4487,114.174398,"廣福","Kwong Fuk"
K18,I,K18-D010,22.4487,114.174398,"廣福","Kwong Fuk"
K18,I,K18-D020,22.443712,114.16991,"新達廣場","Uptown Plaza"
K18,I,K18-D030,22.444414,114.169471,"大埔墟站","Tai Po Market Station"
K51,O,K51-U010,22.413286,113.982895,"富泰","Fu Tai"
K51,O,K51-U020,22.412025,113.983771,"聚康山莊","Beneville"
K51,O,K51-U030,22.41059,113.982387,"嶺南大學","Lingnan University"
K51,O,K51-U040,22.408575,113.980046,"彩暉花園","Brilliant Garden"
K51,O,K51-U050,22.410247,113.978583,"港鐵兆康站","(南), (輕鐵兆康站) MTR Siu Hong Station (South), (LR Siu Hong Stop)"
K51,O,K51-U060,22.40205,113.9776,"井財街","Tseng Choi Street"
K51,O,K51-U070,22.39834,113.9752,"雅都商場","ACME Shopping Arcade"
K51,O,K51-U080,22.39494,113.9746,"德政圍","(港鐵屯門站) Tak Ching Court (MTR Tuen Mun Station)"
K51,O,K51-U090,22.39153,113.9755,"屯門市中心","(輕鐵市中心站) Tuen Mun Town Centre (LR Town Centre Stop)"
K51,O,K51-U100,22.3906,113.9788,"屯門官立中學","Tuen Mun Government Secondary School"
K51,O,K51-U110,22.38771,113.9807,"恒順園","Handsome Court"
K51,O,K51-U120,22.38519,113.981,"恒豐園","Harvest Garden"
K51,O,K51-U130,22.381748,113.978862,"三聖邨","Sam Shing Estate"
K51,O,K51-U140,22.378898,113.980751,"青山灣","Castle Peak Beach"
K51,O,K51-U150,22.377938,113.983475,"海景花園","Seaview Garden"
K51,O,K51-U160,22.374926,113.986745,"咖啡灣","Cafeteria Beach"
K51,O,K51-U170,22.373784,113.990756,"黃金泳灘","Golden Beach"
K51,O,K51-U180,22.372025,113.993574,"香港黃金海岸","Hong Kong Gold Coast"
K51,O,K51-U190,22.36945,113.9954,"嘉禾里村","Kar Wo Lei Tsuen"
K51,O,K51-U200,22.36817,113.9991,"小秀村","Siu Sau Tsuen"
K51,O,K51-U210,22.36627,114.0033,"愛琴灣","The Aegean"
K51,O,K51-U220,22.36638,114.0063,"小欖新村","Siu Lam San Tsuen"
K51,O,K51-U230,22.3663,114.0113,"小欖村","Siu Lam Tsuen"
K51,O,K51-U240,22.36497,114.0133,"小欖澄麗路","Ching Lai Road Siu Lam"
K51,O,K51-U250,22.362495,114.019113,"大欖","Tai Lam"
K51,I,K51-D010,22.362495,114.019113,"大欖","Tai Lam"
K51,I,K51-D020,22.364165,114.014994,"小欖","Siu Lam"
K51,I,K51-D030,22.365696,114.01244,"小欖澄麗路","Ching Lai Road Siu Lam"
K51,I,K51-D040,22.366338,114.00949,"小欖村","Siu Lam Tsuen"
K51,I,K51-D050,22.366102,114.005524,"小欖新村","Siu Lam San Tsuen"
K51,I,K51-D060,22.366573,114.001616,"愛琴灣","The Aegean"
K51,I,K51-D070,22.368003,113.999085,"小秀上村","Siu Sau Sheung Tsuen"
K51,I,K51-D080,22.368035,113.996264,"龍珠島","Pearl Island"
K51,I,K51-D090,22.371285,113.993882,"香港黃金海岸","Hong Kong Gold Coast"
K51,I,K51-D100,22.373628,113.991213,"黃金泳灘","Golden Beach"
K51,I,K51-D110,22.3759,113.985635,"咖啡灣","Cafeteria Beach"
K51,I,K51-D120,22.377927,113.983242,"碧翠花園","Bayview Terrace"
K51,I,K51-D130,22.378957,113.980602,"青山灣碼頭","Castle Peak Bay Pier"
K51,I,K51-D140,22.381214,113.979092,"三聖邨","Sam Shing Estate"
K51,I,K51-D150,22.382064,113.977151,"恆福花園","(輕鐵三聖站) Hanford Garden (LR Sam Shing Stop)"
K51,I,K51-D160,22.383774,113.97939,"胡陳金枝中學","Mrs Aw Boon Haw Secondary School"
K51,I,K51-D170,22.384602,113.980638,"青善遊樂場","Tsing Sin Playground"
K51,I,K51-D180,22.387355,113.98069,"置樂花園","Chi Lok Fa Yuen"
K51,I,K51-D190,22.390433,113.978805,"屯門官立中學","Tuen Mun Government Secondary School"
K51,I,K51-D200,22.392116,113.975082,"輕鐵市中心站","LR Town Centre Stop"
K51,I,K51-D210,22.395021,113.974444,"港鐵屯門站","(輕鐵屯門站) MTR Tuen Mun Station (LR Tuen Mun Stop)"
K51,I,K51-D220,22.397311,113.974853,"聖公會聖西門呂明才中學","SKH St. Simon's Lui Ming Choi Secondary School"
K51,I,K51-D230,22.40334,113.979247,"景峰花園","Prime View Garden"
K51,I,K51-D240,22.407254,113.978641,"輕鐵鳳地站","LR Fung Tei Stop"
K51,I,K51-D250,22.410378,113.978607,"港鐵兆康站","(南), (輕鐵兆康站) MTR Siu Hong Station (South), (LR Siu Hong Stop)"
K51,I,K51-D260,22.408779,113.980397,"彩暉花園","Brilliant Garden"
K51,I,K51-D270,22.410694,113.982212,"嶺南大學","Lingnan University"
K51,I,K51-D280,22.411927,113.983128,"倚嶺南庭","South Hillcrest"
K51,I,K51-D290,22.413286,113.982895,"富泰","Fu Tai"
K52,O,K52-U010,22.394225,113.973358,"屯門站","(輕鐵屯門站) Tuen Mun Station (LR Tuen Mun Stop)"
K52,O,K52-U020,22.391543,113.975435,"屯門市中心","Tuen Mun Town Centre"
K52,O,K52-U030,22.3906,113.9788,"屯門官立中學","Tuen Mun Government Secondary School"
K52,O,K52-U040,22.38771,113.9807,"恒順園","Handsome Court"
K52,O,K52-U050,22.38519,113.981,"恒豐園","Harvest Garden"
K52,O,K52-U060,22.382769,113.976256,"輕鐵三聖站","LR Sam Shing Stop"
K52,O,K52-U070,22.380902,113.972021,"屯門中央廣場","Tuen Mun Central Square"
K52,O,K52-U080,22.375261,113.968532,"悅湖山莊","Yuet Wu Villa"
K52,O,K52-U090,22.372808,113.970095,"邁亞美海灣","Miami Beach Towers"
K52,O,K52-U100,22.372801,113.967391,"屯門碼頭","Tuen Mun Ferry Pier"
K52,O,K52-U110,22.374496,113.965605,"湖景邨湖畔樓","Wu Boon House, Wu King Estate"
K52,O,K52-U120,22.376739,113.966289,"湖景邨湖翠樓","Wu Tsui House, Wu King Estate"
K52,O,K52-U130,22.378585,113.963758,"兆山苑","Siu Shan Court"
K52,O,K52-U140,22.377549,113.961472,"輕鐵蝴蝶站","LR Butterfly Stop"
K52,O,K52-U150,22.375483,113.959318,"屯門公眾騎術學校","Tuen Mun Public Riding School"
K52,O,K52-U160,22.37319,113.95473,"蝴蝶灣公園","Butterfly Beach Park"
K52,O,K52-U180,22.368528,113.948898,"望后石","Pillar Point"
K52,O,K52-U190,22.366727,113.94371,"政府車場","Government Depot"
K52,O,K52-U200,22.36857,113.93822,"內河碼頭","River Trade Terminal"
K52,O,K52-U210,22.36999,113.93403,"環保園","EcoPark"
K52,O,K52-U220,22.36995,113.92874,"紹榮鋼鐵","Shiu Wing Steel Mill"
K52,O,K52-U230,22.386382,113.921122,"沙埔崗 312 號","No.312 Sha Po Kong"
K52,O,K52-U240,22.388034,113.920786,"沙埔崗 177 號","No.177 Sha Po Kong"
K52,O,K52-U250,22.389307,113.920224,"沙埔崗 127 號","No.127 Sha Po Kong"
K52,O,K52-U260,22.390617,113.920146,"龍鼓灘","Lung Kwu Tan"
K52,I,K52-D010,22.390617,113.920146,"龍鼓灘","Lung Kwu Tan"
K52,I,K52-D020,22.389103,113.920301,"沙埔崗 127 號","No.127 Sha Po Kong"
K52,I,K52-D030,22.388058,113.920786,"沙埔崗 177 號","No.177 Sha Po Kong"
K52,I,K52-D040,22.386623,113.921158,"沙埔崗 288 號","No.288 Sha Po Kong"
K52,I,K52-D050,22.385511,113.921257,"沙埔崗 351 號","No.351 Sha Po Kong"
K52,I,K52-D060,22.38252,113.92102,"中電","A 廠 CLP (Plant A)"
K52,I,K52-D070,22.37012,113.92898,"紹榮鋼鐵","Shiu Wing Steel Mill"
K52,I,K52-D080,22.37001,113.93439,"環保園","EcoPark"
K52,I,K52-D090,22.36855,113.938063,"內河碼頭","River Trade Terminal"
K52,I,K52-D100,22.366875,113.944272,"政府車場","Government Depot"
K52,I,K52-D110,22.368667,113.948837,"望后石","Pillar Point"
K52,I,K52-D130,22.3729,113.954631,"蝴蝶灣公園","Butterfly Beach Park"
K52,I,K52-D140,22.375258,113.958583,"屯門公眾騎術學校","Tuen Mun Public Riding School"
K52,I,K52-D150,22.378359,113.961955,"輕鐵蝴蝶站","LR Butterfly Stop"
K52,I,K52-D160,22.378619,113.964033,"兆山苑","Siu Shan Court"
K52,I,K52-D170,22.37652,113.966372,"湖景邨湖翠樓","Wu Tsui House, Wu King Estate"
K52,I,K52-D180,22.374598,113.965833,"兆禧苑","Siu Hei Court"
K52,I,K52-D190,22.373244,113.965958,"海翠花園","(輕鐵屯門碼頭站) Pierhead Garden (LR Tuen Mun Ferry Pier Stop)"
K52,I,K52-D200,22.372843,113.969696,"邁亞美海灣","Miami Beach Towers"
K52,I,K52-D210,22.375257,113.968481,"悅湖山莊","Yuet Wu Villa"
K52,I,K52-D220,22.381216,113.972293,"屯門中央廣場","Tuen Mun Central Square"
K52,I,K52-D230,22.382943,113.976283,"輕鐵三聖站","LR Sam Shing Stop"
K52,I,K52-D240,22.383774,113.97939,"胡陳金枝中學","Mrs Aw Boon Haw Secondary School"
K52,I,K52-D250,22.38457,113.98065,"青善遊樂場","Tsing Sin Playground"
K52,I,K52-D260,22.387385,113.980666,"置樂花園","Chi Lok Fa Yuen"
K52,I,K52-D270,22.390462,113.97885,"屯門官立中學","Tuen Mun Government Secondary School"
K52,I,K52-D280,22.392116,113.975082,"輕鐵市中心站","LR Town Centre Stop"
K52,I,K52-D290,22.394225,113.973358,"屯門站","(輕鐵屯門站) Tuen Mun Station (LR Tuen Mun Stop)"
K52A,O,K52A-U010,22.394225,113.973358,"屯門站","Tuen Mun Station"
K52A,O,K52A-U020,22.394687,113.970746,"輕鐵建安站","LR Kin On Stop"
K52A,O,K52A-U030,22.393382,113.967707,"輕鐵青雲站","LR Tsing Wun Stop"
K52A,O,K52A-U040,22.391722,113.967726,"聖彼得堂","SKH St. Peter's Church"
K52A,O,K52A-U050,22.383618,113.964478,"富健花園","Glorious Garden"
K52A,O,K52A-U060,22.382269,113.963833,"新屯門中心","Sun Tuen Mun Centre"
K52A,O,K52A-U070,22.377547,113.961481,"輕鐵蝴蝶站","LR Butterfly Stop"
K52A,O,K52A-U080,22.375483,113.959318,"屯門公眾騎術學校","Tuen Mun Public Riding School"
K52A,O,K52A-U090,22.37319,113.95473,"蝴蝶灣公園","Butterfly Beach Park"
K52A,O,K52A-U100,22.368528,113.948898,"望后石","Pillar Point"
K52A,O,K52A-U110,22.366727,113.94371,"政府車場","Government Depot"
K52A,O,K52A-U120,22.36857,113.93822,"內河碼頭","River Trade Terminal"
K52A,O,K52A-U130,22.36999,113.93403,"環保園","EcoPark"
K52A,O,K52A-U140,22.36995,113.92874,"紹榮鋼鐵","Shiu Wing Steel Mill"
K52A,O,K52A-U150,22.386382,113.921122,"沙埔崗 312 號","No.312 Sha Po Kong"
K52A,O,K52A-U160,22.388034,113.920786,"沙埔崗 177 號","No.177 Sha Po Kong"
K52A,O,K52A-U170,22.389307,113.920224,"沙埔崗 127 號","No.127 Sha Po Kong"
K52A,O,K52A-U180,22.420002,113.919644,"曾咀","Tsang Tsui"
K52A,I,K52A-D010,22.420002,113.919644,"曾咀","Tsang Tsui"
K52A,I,K52A-D020,22.389103,113.920301,"沙埔崗 127 號","No.127 Sha Po Kong"
K52A,I,K52A-D030,22.388058,113.920786,"沙埔崗 177 號","No.177 Sha Po Kong"
K52A,I,K52A-D040,22.386623,113.921158,"沙埔崗 288 號","No.288 Sha Po Kong"
K52A,I,K52A-D050,22.385511,113.921257,"沙埔崗 351 號","No.351 Sha Po Kong"
K52A,I,K52A-D060,22.38252,113.92102,"中電","A 廠 CLP (Plant A)"
K52A,I,K52A-D070,22.37012,113.92898,"紹榮鋼鐵","Shiu Wing Steel Mill"
K52A,I,K52A-D080,22.37001,113.93439,"環保園","EcoPark"
K52A,I,K52A-D090,22.36855,113.938063,"內河碼頭","River Trade Terminal"
K52A,I,K52A-D100,22.366875,113.944272,"政府車場","Government Depot"
K52A,I,K52A-D110,22.368667,113.948837,"望后石","Pillar Point"
K52A,I,K52A-D120,22.3729,113.954631,"蝴蝶灣公園","Butterfly Beach Park"
K52A,I,K52A-D130,22.375258,113.958583,"屯門公眾騎術學校","Tuen Mun Public Riding School"
K52A,I,K52A-D140,22.378359,113.961955,"輕鐵蝴蝶站","LR Butterfly Stop"
K52A,I,K52A-D150,22.382203,113.96359,"輕鐵車廠站","Light Rail Depot Stop"
K52A,I,K52A-D160,22.385399,113.965222,"輕鐵龍門站","LR Lung Mun Stop"
K52A,I,K52A-D170,22.393627,113.96752,"輕鐵青雲站","LR Tsing Wun Stop"
K52A,I,K52A-D180,22.395064,113.969953,"輕鐵建安站","LR Kin On Stop"
K52A,I,K52A-D190,22.394225,113.973358,"屯門站","Tuen Mun Station"
K53,O,K53-U010,22.394225,113.973358,"屯門站","(輕鐵屯門站) Tuen Mun Station (LR Tuen Mun Stop)"
K53,O,K53-U020,22.391543,113.975435,"屯門市中心","Tuen Mun Town Centre"
K53,O,K53-U030,22.390622,113.978751,"屯門官立中學","Tuen Mun Government Secondary School"
K53,O,K53-U040,22.387719,113.980762,"恒順園","Handsome Court"
K53,O,K53-U050,22.385247,113.981068,"恒豐園","Harvest Garden"
K53,O,K53-U060,22.381732,113.978847,"三聖邨","Sam Shing Estate"
K53,O,K53-U070,22.378923,113.980763,"青山灣","Castle Peak Beach"
K53,O,K53-U080,22.377877,113.983564,"海景花園","Seaview Garden"
K53,O,K53-U090,22.374926,113.986745,"咖啡灣","Cafeteria Beach"
K53,O,K53-U100,22.373785,113.990848,"黃金泳灘","Golden Beach"
K53,O,K53-U110,22.372048,113.993608,"香港黃金海岸","Hong Kong Gold Coast"
K53,O,K53-U120,22.371605,113.9954,"愛琴海岸","Aegean Coast"
K53,O,K53-U130,22.373878,113.996144,"掃管笏變電站","So Kwun Wat Substation"
K53,O,K53-U140,22.375743,113.999829,"掃管笏村","So Kwun Wat Tsuen"
K53,O,K53-D010,22.372023,114.003593,"掃管笏","(鄭任安夫人千禧小學) So Kwun Wat (Mrs. Cheng Yam On Millennium School)"
K53,O,K53-D015,22.374216,114.002295,"掃管笏路","So Kwun Wat Road"
K53,O,K53-D020,22.37556,113.9996,"星堤","Avignon"
K53,O,K53-D030,22.375123,113.997707,"管翠路","Kwun Chui Road"
K53,O,K53-D040,22.371473,113.995381,"愛琴海岸","Aegean Coast"
K53,O,K53-D050,22.371294,113.993906,"香港黃金海岸","Hong Kong Gold Coast"
K53,O,K53-D060,22.373653,113.991237,"黃金泳灘","Golden Beach"
K53,O,K53-D070,22.375924,113.985662,"咖啡灣","Cafeteria Beach"
K53,O,K53-D080,22.377941,113.983293,"碧翠花園","Bayview Terrace"
K53,O,K53-D090,22.378954,113.980609,"青山灣碼頭","Castle Peak Bay Pier"
K53,O,K53-D100,22.381245,113.979119,"三聖邨","Sam Shing Estate"
K53,O,K53-D110,22.382079,113.977158,"恆福花園","(輕鐵三聖站) Hanford Garden (LR Sam Shing Stop)"
K53,O,K53-D120,22.383774,113.97939,"胡陳金枝中學","Mrs Aw Boon Haw Secondary School"
K53,O,K53-D130,22.38463,113.980641,"青善遊樂場","Tsing Sin Playground"
K53,O,K53-D140,22.387328,113.980668,"置樂花園","Chi Lok Fa Yuen"
K53,O,K53-D150,22.390452,113.978855,"屯門官立中學","Tuen Mun Government Secondary School"
K53,O,K53-D160,22.392116,113.975082,"輕鐵市中心站","LR Town Centre Stop"
K53,O,K53-U011,22.394225,113.973358,"屯門站","(輕鐵屯門站) Tuen Mun Station (LR Tuen Mun Stop)"
K58,O,K58-U010,22.412815,113.982949,"富泰","Fu Tai"
K58,O,K58-U020,22.412004,113.98378,"聚康山莊","Beneville"
K58,O,K58-U030,22.4134,113.97902,"港鐵兆康站","(北), (輕鐵兆康站) MTR Siu Hong Station (North), (LR Siu Hong Stop)"
K58,O,K58-U040,22.4137,113.976951,"兆康苑","Siu Hong Court"
K58,O,K58-U050,22.41013,113.976505,"輕鐵麒麟站","LR Kei Lun Stop"
K58,O,K58-U060,22.408609,113.975571,"屯門醫院","Tuen Mun Hospital"
K58,O,K58-U070,22.406276,113.971935,"青松觀","Tsing Chung Koon"
K58,O,K58-U080,22.404952,113.968844,"釋慧文中學","Shi Hui Wen Secondary School"
K58,O,K58-U090,22.405728,113.967008,"何壽基小學","Ho Sau Kei Primary School"
K58,O,K58-U100,22.407089,113.964247,"良景邨","Leung King Estate"
K58,O,K58-U110,22.405394,113.964648,"輕鐵新圍站","LR San Wai Stop"
K58,O,K58-U120,22.401886,113.96805,"輕鐵石排站","LR Shek Pai Stop"
K58,O,K58-U130,22.396961,113.967622,"輕鐵鳴琴站","LR Ming Kum Stop"
K58,O,K58-U140,22.395021,113.969976,"輕鐵建安站","LR Kin On Stop"
K58,O,K58-U150,22.394225,113.973358,"港鐵屯門站","MTR Tuen Mun Station"
K58,O,K58-U160,22.391389,113.975465,"屯門市中心","Tuen Mun Town Centre"
K58,O,K58-U170,22.390652,113.978795,"屯門官立中學","Tuen Mun Government Secondary School"
K58,O,K58-U180,22.387795,113.980743,"恒順園","Handsome Court"
K58,O,K58-U190,22.385271,113.981071,"恒豐園","Harvest Garden"
K58,O,K58-U200,22.381705,113.978852,"三聖邨","Sam Shing Estate"
K58,O,K58-U210,22.379752,113.980639,"青山灣","Castle Peak Bay"
K58,I,K58-D010,22.379752,113.980639,"青山灣","Castle Peak Bay"
K58,I,K58-D020,22.381189,113.979146,"三聖邨","Sam Shing Estate"
K58,I,K58-D030,22.383774,113.97939,"胡陳金枝中學","Mrs Aw Boon Haw Secondary School"
K58,I,K58-D040,22.38458,113.980659,"青善遊樂場","Tsing Sin Playground"
K58,I,K58-D050,22.387305,113.980672,"置樂花園","Chi Lok Fa Yuen"
K58,I,K58-D060,22.39043,113.978867,"屯門官立中學","Tuen Mun Government Secondary School"
K58,I,K58-D070,22.392096,113.97512,"輕鐵市中心站","LR Town Centre Stop"
K58,I,K58-D080,22.39395,113.9737,"輕鐵屯門站","(港鐵屯門站) LR Tuen Mun Stop (MTR Tuen Mun Station)"
K58,I,K58-D090,22.394699,113.970762,"輕鐵建安站","LR Kin On Stop"
K58,I,K58-D100,22.396769,113.967425,"輕鐵鳴琴站","LR Ming Kum Stop"
K58,I,K58-D110,22.401983,113.967883,"輕鐵石排站","LR Shek Pai Stop"
K58,I,K58-D120,22.405404,113.963966,"輕鐵新圍站","LR San Wai Stop"
K58,I,K58-D130,22.407716,113.96598,"輕鐵田景站","LR Tin King Stop"
K58,I,K58-D140,22.405974,113.967207,"青田遊樂場","Tsing Tin Playground"
K58,I,K58-D150,22.405169,113.968901,"建生邨樂生樓","Lok Sang House, Kin Sang Estate"
K58,I,K58-D160,22.406394,113.971667,"建生邨泰生樓","Tai Sang House, Kin Sang Estate"
K58,I,K58-D170,22.411042,113.97648,"輕鐵麒麟站","LR Kei Lun Stop"
K58,I,K58-D180,22.414291,113.977143,"紫田村","Tsz Tin Tsuen"
K58,I,K58-D190,22.41357,113.9791,"港鐵兆康站","(北), (輕鐵兆康站) MTR Siu Hong Station (North), (LR Siu Hong Stop)"
K58,I,K58-D200,22.411915,113.983238,"倚嶺南庭","South Hillcrest"
K58,I,K58-D210,22.412815,113.982949,"富泰","Fu Tai"
K65,O,K65-U010,22.44514396,114.035187,"元朗站","(輕鐵元朗站, 港鐵元朗站) Yuen Long Station (LR Yuen Long Stop, MTR Yuen Long Station)"
K65,O,K65-U020,22.44451201,114.0315245,"又新街","Yau San Street"
K65,O,K65-U030,22.4446245,114.028421,"大棠路","Tai Tong Road"
K65,O,K65-U040,22.44478103,114.026429,"康樂路","Hong Lok Road"
K65,O,K65-U050,22.44449303,114.024142,"元朗警署","Yuen Long Police Station"
K65,O,K65-U060,22.44449303,114.02119,"輕鐵水邊圍站","LR Shui Pin Wai Stop"
K65,O,K65-U070,22.44416303,114.018772,"元朗公園","Yuen Long Park"
K65,O,K65-U080,22.44347999,114.014914,"朗邊","Long Bin"
K65,O,K65-U090,22.443597,114.009912,"屏山屏興里","Ping Hing Lane, Ping Shan"
K65,O,K65-U100,22.44378098,114.007739,"坑尾村","Hang Mei Tsuen"
K65,O,K65-U110,22.445754,114.004915,"輕鐵坑尾村站","LR Hang Mei Tsuen Stop"
K65,O,K65-U120,22.44692696,114.003126,"天盛苑","(港鐵天水圍站) Tin Shing Court (MTR Tin Shui Wai Station)"
K65,O,K65-U130,22.44667601,113.998121,"石埗路","Shek Po Road"
K65,O,K65-U140,22.44606899,113.995464,"沙洲里村","Sha Chau Lei Tsuen"
K65,O,K65-U150,22.44756503,113.9938825,"廈村","Ha Tsuen"
K65,O,K65-U160,22.44952099,113.994281,"錫降圍","Shek Kong Wai"
K65,O,K65-U170,22.451291,113.994884,"羅屋村","Lo Uk Tsuen"
K65,O,K65-U180,22.45294902,113.994668,"東頭村","(南) Tung Tau Tsuen (South)"
K65,O,K65-U190,22.45670102,113.991661,"東頭村","(北) Tung Tau Tsuen (North)"
K65,O,K65-U200,22.45909799,113.990368,"鳳降村","Fung Kong Tsuen"
K65,O,K65-U210,22.46156302,113.988875,"沙江圍","Sha Kong Wai"
K65,O,K65-U220,22.46464396,113.986202,"新慶村","San Hing Tsuen"
K65,O,K65-U230,22.467614,113.983984,"流浮山","Lau Fau Shan"
K65,I,K65-D010,22.467614,113.983984,"流浮山","Lau Fau Shan"
K65,I,K65-D020,22.46416401,113.986741,"新慶村","San Hing Tsuen"
K65,I,K65-D030,22.46140502,113.989344,"沙江圍","Sha Kong Wai"
K65,I,K65-D040,22.45915096,113.990515,"鳳降村","Fung Kong Tsuen"
K65,I,K65-D050,22.45592603,113.992509,"東頭村","Tung Tau Tsuen"
K65,I,K65-D060,22.45256698,113.994935,"羅屋村","Lo Uk Tsuen"
K65,I,K65-D070,22.44876897,113.994128,"錫降圍","Shek Kong Wai"
K65,I,K65-D080,22.44670803,113.994761,"廈村","Ha Tsuen"
K65,I,K65-D090,22.44663703,113.997152,"沙洲里村","Sha Chau Lei Tsuen"
K65,I,K65-D100,22.44694096,114.00282,"天盛苑","(港鐵天水圍站) Tin Shing Court (MTR Tin Shui Wai Station)"
K65,I,K65-D110,22.44588903,114.00512,"輕鐵坑尾村站","LR Hang Mei Tsuen Stop"
K65,I,K65-D120,22.44390302,114.007678,"坑尾村","Hang Mei Tsuen"
K65,I,K65-D130,22.44370999,114.010233,"屏山屏興里","Ping Hing Lane, Ping Shan"
K65,I,K65-D140,22.44322099,114.012915,"輕鐵屏山站","LR Ping Shan Stop"
K65,I,K65-D150,22.44457601,114.019733,"輕鐵水邊圍站","LR Shui Pin Wai Stop"
K65,I,K65-D160,22.44457601,114.023787,"元朗廣場","Yuen Long Plaza"
K65,I,K65-D170,22.44446897,114.02828,"開心廣場","Yuen Long Landmark"
K65,I,K65-D180,22.44441197,114.030327,"谷亭街","Kuk Ting Street"
K65,I,K65-D190,22.44514396,114.035187,"元朗站","(輕鐵元朗站, 港鐵元朗站) Yuen Long Station (LR Yuen Long Stop, MTR Yuen Long Station)"
K66,O,K66-U010,22.45078121,114.0229286,"朗屏","Long Ping"
K66,O,K66-U020,22.45134693,114.0254022,"楊屋村","Yeung Uk Tsuen"
K66,O,K66-U030,22.447672,114.023295,"屏昌徑","(港鐵朗屏站) Ping Cheong Path (MTR Long Ping Station)"
K66,O,K66-U040,22.446002,114.022607,"元朗盲人安老院","Yuen Long Home for the Aged Blind"
K66,O,K66-U050,22.4434668,114.0223167,"元朗大會堂","(輕鐵豐年路站) Yuen Long Town Hall (LR Fung Nin Road Stop)"
K66,O,K66-U060,22.44306167,114.0236577,"安康路","On Hong Road"
K66,O,K66-U070,22.44297,114.027754,"元朗商業中心","Yuen Long Commercial Centre"
K66,O,K66-U080,22.44120404,114.0294022,"富達廣場","Manhattan Plaza"
K66,O,K66-U090,22.436903,114.029411,"蝶翠峰","Sereno Verde"
K66,O,K66-U100,22.435406,114.0287683,"禮修村","Fraser Village"
K66,O,K66-U110,22.43369688,114.0285876,"深涌村","Sham Chung Tsuen"
K66,O,K66-U120,22.43240032,114.0285171,"羅家園","Law Ka Yuen"
K66,O,K66-U130,22.42978906,114.0286105,"崇正公立學校","Shung Ching School"
K66,O,K66-U140,22.42739559,114.0295088,"崇正菜站","Shung Ching Vegetable Market"
K66,O,K66-U150,22.42562276,114.0312735,"老圍","Lo Wai"
K66,O,K66-U160,22.42356303,114.0321846,"振華花園","Chun Wah Villas"
K66,O,K66-U170,22.42265522,114.0308948,"南坑排","Nam Hang Pai"
K66,O,K66-U180,22.42247664,114.0298802,"水蕉新村","Shui Chiu San Tsuen"
K66,O,K66-U190,22.42193919,114.0282615,"華苑","Wah Yuen"
K66,O,K66-U200,22.41836575,114.0256553,"大棠迴旋處","Tai Tong Roundabout"
K66,O,K66-U210,22.41618728,114.0236994,"大棠山路","Tai Tong Shan Road"
K66,O,K66-U220,22.416389,114.021874,"大棠黃泥墩村","Tai Tong Wong Nai Tun Tsuen"
K66,I,K66-D010,22.416389,114.021874,"大棠黃泥墩村","Tai Tong Wong Nai Tun Tsuen"
K66,I,K66-D020,22.41620604,114.0238973,"大棠山路","Tai Tong Shan Road"
K66,I,K66-D030,22.418334,114.02484,"大棠迴旋處","Tai Tong Roundabout"
K66,I,K66-D040,22.42207521,114.0283849,"華苑","Wah Yuen"
K66,I,K66-D050,22.42253674,114.0299286,"水蕉新村","Shui Chiu San Tsuen"
K66,I,K66-D060,22.42270841,114.0310276,"南坑排","Nam Hang Pai"
K66,I,K66-D070,22.42418205,114.0322333,"南坑村","Nam Hang Tsuen"
K66,I,K66-D080,22.42571102,114.0311155,"紅棗田村","Hung Tso Tin Tsuen"
K66,I,K66-D090,22.42751631,114.0293547,"普盛圍","Po Shing Wai"
K66,I,K66-D100,22.42993918,114.0285687,"崇正公立學校","Shung Ching School"
K66,I,K66-D110,22.4321724,114.0284926,"羅家園","Law Ka Yuen"
K66,I,K66-D120,22.43377173,114.0285624,"深涌村","Sham Chung Tsuen"
K66,I,K66-D130,22.43543081,114.0287164,"禮修村","Fraser Village"
K66,I,K66-D140,22.43724051,114.0295783,"蝶翠峰","Sereno Verde"
K66,I,K66-D150,22.43836882,114.0294482,"恆香製餅廠","Hang Heung Cake Shop"
K66,I,K66-D160,22.44119428,114.0293385,"富達廣場","Manhattan Plaza"
K66,I,K66-D170,22.44298197,114.0278032,"千色廣場","Citi Mall"
K66,I,K66-D180,22.44302568,114.0230108,"安康路","On Hong Road"
K66,I,K66-D190,22.44362078,114.0222338,"元朗大會堂","(輕鐵豐年路站) Yuen Long Town Hall (LR Fung Nin Road Stop)"
K66,I,K66-D200,22.44613943,114.0213445,"水邊圍邨康水樓","Hong Shui House, Shui Pin Wai Estate"
K66,I,K66-D210,22.44785153,114.0227269,"朗屏邨悅屏樓","(港鐵朗 屏站) Yuet Ping House, Long Ping Estate (MTR Long Ping Station)"
K66,I,K66-D220,22.449515,114.025532,"惠州學校","Wai Chow School"
K66,I,K66-D230,22.451414,114.025334,"朗屏邨珠屏樓","Chu Ping House, Long Ping Estate"
K66,I,K66-D240,22.45078121,114.0229286,"朗屏","Long Ping"
K68,O,K68-U010,22.460827,114.026513,"元朗工業邨","Yuen Long Industrial Estate"
K68,O,K68-U020,22.462075,114.028979,"凸版資訊卡","Toppan Forms Card Tech Ltd"
K68,O,K68-U030,22.463753,114.027581,"雀巢","Nestle (HK) Ltd"
K68,O,K68-U040,22.465525,114.026843,"元朗污水處理廠","Yuen Long Sewage Treatment Works"
K68,O,K68-U050,22.464754,114.024822,"位元堂藥業大廈","Wai Yuen Tong Medicine Building"
K68,O,K68-U060,22.462219,114.023448,"東電化電子零件","TDK Manufacturing (HK) Co Ltd"
K68,O,K68-U070,22.46039,114.022169,"凸版印刷","Toppan Printing Co (HK) Ltd"
K68,O,K68-U080,22.45845,114.023157,"匯泉國際實業","Telford International Industries Ltd"
K68,O,K68-U090,22.455119,114.024092,"橫洲福慶村","Wang Chau Fuk Hing Tsuen"
K68,O,K68-U100,22.45078121,114.0229286,"朗屏","(巴士總站) Long Ping (Bus Terminus)"
K68,O,K68-U110,22.451379,114.025576,"楊屋村","Yeung Uk Tsuen"
K68,O,K68-U120,22.447648,114.023001,"屏昌徑","(港鐵朗屏站) Ping Cheong Path (MTR Long Ping Station)"
K68,O,K68-U130,22.446002,114.022607,"元朗盲人安老院","Yuen Long Home for the Aged Blind"
K68,O,K68-U140,22.442588,114.022245,"聿修堂","(輕鐵豐年路站) Lut Sau Hall (LR Fung Nin Road Stop)"
K68,O,K68-U150,22.441306,114.02224,"元朗劇院","Yuen Long Theatre"
K68,O,K68-U160,22.43953,114.02226,"銀田花園","Silver Field Garden"
K68,O,K68-U170,22.438801,114.02024,"南元朗官立小學","South Yuen Long Government Primary School"
K68,O,K68-D010,22.44193,114.02007,"元朗公園","Yuen Long Park"
K68,O,K68-D020,22.442503,114.017663,"御豪山莊","Park Royale"
K68,O,K68-D030,22.440088,114.019048,"藝典居","Villa Art Deco"
K68,O,K68-D040,22.440407,114.021312,"御庭居","Springdale Villas"
K68,O,K68-D050,22.44149722,114.0221389,"元朗游泳池","Yuen Long Swimming Pool"
K68,O,K68-D060,22.443644,114.022164,"元朗大會堂","Yuen Long Town Hall"
K68,O,K68-D070,22.444676,114.023705,"元朗廣場","(輕鐵豐年路站) Yuen Long Plaza (LR Fung Nin Road Stop)"
K68,O,K68-D080,22.446157,114.026583,"元朗安寧路","Yuen Long On Ning Road"
K68,O,K68-D090,22.447538,114.026826,"大橋村","(港鐵朗屏站) Tai Kiu Tsuen (MTR Long Ping Station)"
K68,O,K68-D100,22.449497,114.025532,"惠州學校","Wai Chow School"
K68,O,K68-D110,22.451434,114.025324,"朗屏邨珠屏樓","Chu Ping House, Long Ping Estate"
K68,O,K68-D120,22.45078121,114.0229286,"朗屏","(巴士總站) Long Ping (Bus Terminus)"
K68,O,K68-D130,22.455166,114.02403,"橫洲福慶村","Wang Chau Fuk Hing Tsuen"
K68,O,K68-D140,22.45789,114.023353,"元朗紡織品","Yuen Long Textile Co Ltd"
K68,O,K68-D150,22.460236,114.022242,"大昌行食品加工及物流中心","DCH Food Processing & Logistics Centre"
K68,O,K68-D160,22.462306,114.023412,"有生鉛水(熱浸鋅)","Yau Sang Galvanizers (Hot-Dip) Co Ltd"
K68,O,K68-D170,22.464968,114.024783,"余仁生中心","Eu Yan Sang Centre"
K68,O,K68-D180,22.465479,114.026899,"元朗污水處理廠","Yuen Long Sewage Treatment Works"
K68,O,K68-D190,22.463782,114.027638,"雀巢","Nestle (HK) Ltd"
K68,O,K68-D200,22.461655,114.029313,"牛尾香港","Ushio HK Ltd"
K68,O,K68-U011,22.460827,114.026513,"元朗工業邨","Yuen Long Industrial Estate"
K73,O,K73-U010,22.469006,113.999661,"天恆","Tin Heng"
K73,O,K73-U020,22.468098,113.999163,"天逸邨逸潭樓","Yat Tam House, Tin Yat Estate"
K73,O,K73-U030,22.465511,114.00016,"天逸邨逸洋樓","Yat Yeung House, Tin Yat Estate"
K73,O,K73-U040,22.464482,114.003129,"天晴邨晴碧樓","Ching Pik House, Tin Ching Estate"
K73,O,K73-U050,22.463253,114.004136,"香港青年協會李兆基書院","HKFYG Lee Shau Kee College"
K73,O,K73-U060,22.46082,114.004565,"天葵路美湖居","Maywood Court, Tin Kwai Road"
K73,O,K73-U070,22.457444,114.005577,"天城路景湖居","Kenswood Court, Tin Shing Road"
K73,O,K73-U080,22.453279,114.006118,"天慈邨","Tin Tsz Estate"
K73,O,K73-U090,22.44845,114.018634,"鳳池村","Fung Chi Tsuen"
K73,O,K73-U100,22.45078121,114.0229286,"朗屏","(巴士總站) Long Ping (Bus Terminus)"
K73,O,K73-U110,22.446002,114.022607,"元朗盲人安老院","Yuen Long Home for the Aged Blind"
K73,O,K73-U120,22.445181,114.024919,"元朗西","(輕鐵豐年路站) Yuen Long West (LR Fung Nin Road Stop)"
K73,I,K73-D010,22.445181,114.024919,"元朗西","(輕鐵豐年路站) Yuen Long West (LR Fung Nin Road Stop)"
K73,I,K73-D020,22.446162,114.026731,"元朗安寧路","Yuen Long On Ning Road"
K73,I,K73-D030,22.447489,114.026856,"大橋村","(港鐵朗屏站) Tai Kiu Tsuen (MTR Long Ping Station)"
K73,I,K73-D040,22.449497,114.02552,"惠州學校","Wai Chow School"
K73,I,K73-D050,22.451408,114.025329,"朗屏邨珠屏樓","Chu Ping House, Long Ping Estate"
K73,I,K73-D060,22.452066,114.023275,"東莞學校","Tung Koon Primary School"
K73,I,K73-D070,22.45078121,114.0229286,"朗屏","(巴士總站) Long Ping (Bus Terminus)"
K73,I,K73-D080,22.448299,114.018562,"鳳池村","Fung Chi Tsuen"
K73,I,K73-D090,22.453358,114.00589,"輕鐵天慈站","LR Tin Tsz Stop"
K73,I,K73-D100,22.455038,114.007159,"天水圍游泳池","Tin Shui Wai Swimming Pool"
K73,I,K73-D110,22.458987,114.005282,"天龍路景湖居","Kenswood Court, Tin Lung Road"
K73,I,K73-D120,22.460486,114.004634,"天葵路麗湖居","Lynwood Court, Tin Kwai Road"
K73,I,K73-D130,22.463375,114.00392,"天晴邨晴雲樓","Ching Wan House, Tin Ching Estate"
K73,I,K73-D140,22.465398,114.000072,"天富苑能富閣","Nang Fu House, Tin Fu Court"
K73,I,K73-D150,22.468127,113.999183,"天澤邨","Tin Chak Estate"
K73,I,K73-D160,22.469006,113.999661,"天恆","Tin Heng"
K74,O,K74-U010,22.455322,113.998689,"天瑞","Tin Shui"
K74,O,K74-U020,22.454452,114.003146,"天水圍公園","Tin Shui Wai Park"
K74,O,K74-U030,22.453288,114.006135,"天慈邨","Tin Tsz Estate"
K74,O,K74-U040,22.448467,114.018601,"鳳池村","Fung Chi Tsuen"
K74,O,K74-U050,22.450549,114.022688,"朗屏","(巴士總站) Long Ping (Bus Terminus)"
K74,O,K74-U060,22.445968,114.022572,"元朗盲人安老院","Yuen Long Home for the Aged Blind"
K74,O,K74-U070,22.44467,114.023718,"元朗廣場","(輕鐵豐年路站) Yuen Long Plaza (LR Fung Nin Road Stop)"
K74,O,K74-U080,22.4444,114.02836,"開心廣場","Yuen Long Landmark"
K74,O,K74-U090,22.446625,114.0349444,"港鐵元朗站(朗日路)","(港鐵元朗站) MTR Yuen Long Station (Long Yat Road) (MTR Yuen Long Station)"
K74,O,K74-D010,22.44436944,114.0436667,"東成里（近博愛醫院）","Tung Shing Lei (near Pok Oi Hospital)"
K74,O,K74-D020,22.44403889,114.0439444,"東華三院馬振玉中學(近朗善邨)","TWGHs C.Y.Ma Memorial College near Long Shin Estate)"
K74,O,K74-D030,22.447487,114.026853,"大橋村","(港鐵朗屏站) Tai Kiu Tsuen (MTR Long Ping Station)"
K74,O,K74-D040,22.449502,114.025527,"惠州學校","Wai Chow School"
K74,O,K74-D050,22.451421,114.025317,"朗屏邨珠屏樓","Chu Ping House, Long Ping Estate"
K74,O,K74-D060,22.450549,114.022688,"朗屏","(巴士總站) Long Ping (Bus Terminus)"
K74,O,K74-D070,22.448256,114.018583,"鳳池村","Fung Chi Tsuen"
K74,O,K74-D080,22.45321,114.005918,"輕鐵天慈站","LR Tin Tsz Stop"
K74,O,K74-D090,22.454616,114.002637,"天水圍公園","Tin Shui Wai Park"
K74,O,K74-U011,22.455322,113.998689,"天瑞","Tin Shui"
K75A,O,K75A-U010,22.44654,114.0037516,"天水圍站","(輕鐵天水圍站) Tin Shui Wai Station (LR Tin Shui Wai Stop)"
K75A,O,K75A-U020,22.446839,114.00307,"天盛苑","(港鐵天水圍站) Tin Shing Court (MTR Tin Shui Wai Station)"
K75A,O,K75A-U030,22.440307,113.998965,"石埗村","Shek Po Tsuen"
K75A,O,K75A-D010,22.433489,113.99772,"輕鐵洪水橋站","LR Hung Shui Kiu Stop"
K75A,O,K75A-D020,22.432897,113.992837,"鄉事委員會","Rural Committee"
K75A,O,K75A-D030,22.434526,113.992613,"田心","Tin Sam"
K75A,O,K75A-D040,22.436504,113.991851,"新李屋村","San Lee Uk Tsuen"
K75A,O,K75A-D050,22.439615,113.991583,"新生村","San Sang Tsuen"
K75A,O,K75A-D060,22.443545,113.991309,"李屋村","Lee Uk Tsuen"
K75A,O,K75A-D070,22.445107,113.992349,"新屋村","San Uk Tsuen"
K75A,O,K75A-D080,22.446257,113.993342,"廈村市","Ha Tsuen Shi"
K75A,O,K75A-D090,22.44670803,113.994761,"廈村","Ha Tsuen"
K75A,O,K75A-D100,22.44663703,113.997152,"沙洲里村","Sha Chau Lei Tsuen"
K75A,O,K75A-D110,22.446928,114.002891,"天盛苑","(港鐵天水圍站) Tin Shing Court (MTR Tin Shui Wai Station)"
K75A,O,K75A-U011,22.44654,114.0037516,"天水圍站","(輕鐵天水圍站) Tin Shui Wai Station (LR Tin Shui Wai Stop)"
K75P,O,K75P-U010,22.455356,113.998975,"天瑞","Tin Shui"
K75P,O,K75P-U020,22.454494,114.003128,"天水圍公園","Tin Shui Wai Park"
K75P,O,K75P-U030,22.452347,114.002244,"天耀邨耀盛樓","Yiu Shing House, Tin Yiu Estate"
K75P,O,K75P-U040,22.450039,114.002836,"輕鐵天耀站","LR Tin Yiu Stop"
K75P,O,K75P-U050,22.446917,114.003097,"天盛苑","(港鐵天水圍站) Tin Shing Court (MTR Tin Shui Wai Station)"
K75P,O,K75P-U060,22.446711,113.998247,"石埗路","Shek Po Road"
K75P,O,K75P-U070,22.446108,113.995617,"沙洲里村","Sha Chau Lei Tsuen"
K75P,O,K75P-U080,22.446186,113.993353,"廈村市","Ha Tsuen Shi"
K75P,O,K75P-U090,22.445111,113.992378,"新屋村","San Uk Tsuen"
K75P,O,K75P-U100,22.443717,113.991383,"李屋村","Lee Uk Tsuen"
K75P,O,K75P-U110,22.440183,113.991708,"新生村","San Sang Tsuen"
K75P,O,K75P-U120,22.436125,113.992242,"新李屋村","San Lee Uk Tsuen"
K75P,O,K75P-U130,22.433431,113.992694,"田心","Tin Sam"
K75P,O,K75P-U140,22.431597,113.992822,"鄉事委員會","Rural Committee"
K75P,O,K75P-D010,22.433889,113.997633,"輕鐵洪水橋站","LR Hung Shui Kiu Stop"
K75P,O,K75P-D020,22.436081,113.99985,"洪水橋巴士廠","Hung Shui Kiu Bus Depot"
K75P,O,K75P-D030,22.437436,113.999028,"洪福邨","Hung Fuk Estate"
K75P,O,K75P-D040,22.440381,113.998406,"石埗村","Shek Po Tsuen"
K75P,O,K75P-D050,22.446897,114.002789,"天盛苑","(港鐵天水圍站) Tin Shing Court (MTR Tin Shui Wai Station)"
K75P,O,K75P-D060,22.449461,114.002956,"天水圍警署","Tin Shui Wai Police Station"
K75P,O,K75P-D070,22.452539,114.002228,"賞湖居","Sherwood Court"
K75P,O,K75P-D080,22.454522,114.002736,"天水圍公園","Tin Shui Wai Park"
K75P,O,K75P-U011,22.455356,113.998975,"天瑞","Tin Shui"
K76,O,K76-U010,22.469006,113.999661,"天恆","Tin Heng"
K76,O,K76-U020,22.468178,113.999383,"天逸邨逸潭樓","Yat Tam House, Tin Yat Estate"
K76,O,K76-U030,22.464353,113.997442,"天富苑欣富閣","Yan Fu House, Tin Fu Court"
K76,O,K76-U040,22.446864,114.002819,"天盛苑","(港鐵天水圍站) Tin Shing Court (MTR Tin Shui Wai Station)"
K76,O,K76-U050,22.446556,114.003731,"天水圍站","(港鐵天水圍站) Tin Shui Wai Station (MTR Tin Shui Wai Station)"
K76,I,K76-D010,22.446556,114.003731,"天水圍站","(港鐵天水圍站) Tin Shui Wai Station (MTR Tin Shui Wai Station)"
K76,I,K76-D020,22.464592,113.99725,"天恩邨","Tin Yan Estate"
K76,I,K76-D030,22.468061,113.999058,"天澤邨","Tin Chak Estate"
K76,I,K76-D040,22.469006,113.999661,"天恆","Tin Heng"